material,tons
concrete_in-situ,1188918.5304503567
gravel_sand,55641.55163784947
modules,728081.9759348988
steel,132102.05893892853
timber,328800.0
