circular,tons
circular,460902.05893892853
not circular,1972642.0580231051
